{"1":[36,36,34,36,34,35,35.5,35.75,35,34],"2":[42.285714285714285,36.57142857142857,36.857142857142854,36.714285714285715,36,38,36.857142857142854,35.857142857142854,38.57142857142857,36],"3":[41.1,39.3,42.8,40.2,39,41,38.8,40,38.8,39.7],"4":[43.76923076923077,45.15384615384615,43.69230769230769,44.23076923076923,42.69230769230769,45.53846153846154,43.46153846153846,47.46153846153846,42.38461538461539,46.46153846153846],"5":[52.5,48.8125,48.1875,48.875,50.125,49,47.75,48,50.6875,48.5625],"6":[58.526315789473685,56,58,54.63157894736842,53.10526315789474,55.73684210526316,54.78947368421053,57.89473684210526,54.21052631578947,55.68421052631579]}
