{"1":[35.5,37,37.5,36.5,35.75],"2":[41.57142857142857,42.57142857142857,40.142857142857146,40.42857142857143,42.285714285714285],"3":[44.3,49.3,46.9,48.2,47.9],"4":[57.23076923076923,59.30769230769231,67.61538461538461,57,67.15384615384616]}
