{
  "1": [39, 38, 37, 37, 36.75, 36.75, 37.5, 36.25, 36.25, 36],
  "2": [
    43.714285714285715, 42, 41.714285714285715, 42, 42.714285714285715,
    40.714285714285715, 43.142857142857146, 43.142857142857146,
    42.42857142857143, 42.42857142857143
  ],
  "3": [53.9, 51.6, 54.9, 49.9, 51.3, 57.7, 53.2, 55.7, 56.1, 51.9],
  "4": [
    66.07692307692308, 74.46153846153847, 69.53846153846153, 76.84615384615384,
    74.46153846153847, 63.92307692307692, 70.15384615384616, 65.3076923076923,
    72.46153846153847, 66.76923076923077
  ]
}
