{"1":[34.75,36.75,36.75,36,36.5,37.25,36.25,37,37.25,36.25],"2":[40.57142857142857,40.285714285714285,41.57142857142857,40.142857142857146,40.285714285714285,43,42.57142857142857,41.285714285714285,41.42857142857143,39.714285714285715],"3":[48.2,51.5,52.9,56.1,52.9,48.3,54.2,52.2,50.1,52.8],"4":[68.46153846153847,63.76923076923077,66.07692307692308,63.69230769230769,70.07692307692308,71.84615384615384,71,66.61538461538461,66.84615384615384,71.92307692307692],"5":[98.25,99.1875,99.5625,100.875,94.9375,98.3125,102.6875,101.4375,95.25,98.8125],"6":[151.26315789473685,133.31578947368422,132.05263157894737,138.42105263157896,135.6315789473684,174.31578947368422,142.26315789473685,136.68421052631578,134.52631578947367,141.73684210526315]}
