{"4":[74.3076923076923],"5":[109.8125],"6":[209.68421052631578]}
