{"1":[35.75,35,36,35.25,34.5,35,34.25,36,35,35],"2":[36.857142857142854,37,36.42857142857143,36.857142857142854,37,36,38.42857142857143,36.57142857142857,37.142857142857146,35.714285714285715],"3":[40.1,42.5,39.3,38.7,40.3,39,39.6,40.7,40.6,38.7],"4":[43.92307692307692,44.30769230769231,43.84615384615385,42.84615384615385,45.92307692307692,42.61538461538461,44.23076923076923,43.23076923076923,45.38461538461539,43.15384615384615],"5":[47.4375,47.625,50.6875,49.6875,48.5,50.5,47.5625,49.0625,47.9375,51.3125],"6":[55.94736842105263,56.8421052631579,54.526315789473685,53.89473684210526,54.10526315789474,53.21052631578947,53.89473684210526,60.21052631578947,54.578947368421055,54.578947368421055]}
